"city","region","country","temperature","wind","uv","time"
"Rome","Lazio","Italy",45,"6.9","1.0","2023-04-10 5:10"
"Paris","Ile-de-France","France",46,"5.6","1.0","2023-04-10 5:10"
"Los Angeles","California","United States of America",60,"2.2","1.0","2023-04-09 20:10"
"Paris","Ile-de-France","France",46,"5.6","1.0","2023-04-10 5:10"
"Casablanca","","Morocco",59,"4.3","1.0","2023-04-10 3:10"
"Mexico City","The Federal District","Mexico",64,"11.9","1.0","2023-04-09 21:10"
"Rome","Lazio","Italy",45,"6.9","1.0","2023-04-10 5:10"
"Rome","Lazio","Italy",45,"6.9","1.0","2023-04-10 5:10"
"Los Angeles","California","United States of America",60,"2.2","1.0","2023-04-09 20:10"
"Casablanca","","Morocco",59,"4.3","1.0","2023-04-10 3:10"
"New York","New York","United States of America",45,"2.2","1.0","2023-04-09 23:11"
"Tokyo","Tokyo","Japan",63,"8.1","5.0","2023-04-10 12:11"
"Hong Kong","","Hong Kong",73,"12.5","6.0","2023-04-10 11:11"
"Sydney","New South Wales","Australia",66,"13.6","5.0","2023-04-10 13:11"
"London","City of London, Greater London","United Kingdom",50,"8.1","1.0","2023-04-10 4:11"
"Casablanca","","Morocco",59,"4.3","1.0","2023-04-10 3:10"
"Cape Town","Western Cape","South Africa",57,"6.9","1.0","2023-04-10 5:11"
"Rome","Lazio","Italy",45,"6.9","1.0","2023-04-10 5:10"
"Moscow","Moscow City","Russia",43,"4.3","3.0","2023-04-10 6:11"
"London","City of London, Greater London","United Kingdom",50,"8.1","1.0","2023-04-10 4:11"
"Mexico City","The Federal District","Mexico",64,"11.9","1.0","2023-04-09 21:10"
"Tokyo","Tokyo","Japan",63,"8.1","5.0","2023-04-10 12:11"
"Bogota","Cundinamarca","Colombia",52,"3.8","1.0","2023-04-09 22:11"
"Cape Town","Western Cape","South Africa",57,"6.9","1.0","2023-04-10 5:11"
"Paris","Ile-de-France","France",46,"5.6","1.0","2023-04-10 5:10"
"Casablanca","","Morocco",59,"4.3","1.0","2023-04-10 3:10"
"Hong Kong","","Hong Kong",73,"12.5","6.0","2023-04-10 11:11"
"Hong Kong","","Hong Kong",73,"12.5","6.0","2023-04-10 11:11"
"Mexico City","The Federal District","Mexico",64,"11.9","1.0","2023-04-09 21:10"
"Casablanca","","Morocco",59,"4.3","1.0","2023-04-10 3:10"
"Miami","Florida","United States of America",74,"8.1","1.0","2023-04-09 23:26"
"Mexico City","The Federal District","Mexico",63,"9.4","1.0","2023-04-09 21:26"
"Casablanca","","Morocco",59,"4.3","1.0","2023-04-10 3:26"
"London","City of London, Greater London","United Kingdom",50,"9.4","1.0","2023-04-10 4:26"
"Hong Kong","","Hong Kong",75,"10.5","6.0","2023-04-10 11:26"
"Paris","Ile-de-France","France",46,"4.3","1.0","2023-04-10 5:26"
"Los Angeles","California","United States of America",55,"2.2","1.0","2023-04-09 20:26"
"London","City of London, Greater London","United Kingdom",50,"9.4","1.0","2023-04-10 4:26"
"Nairobi","Nairobi Area","Kenya",63,"4.3","1.0","2023-04-10 6:26"
"London","City of London, Greater London","United Kingdom",50,"9.4","1.0","2023-04-10 4:26"
"Bogota","Cundinamarca","Colombia",52,"3.8","1.0","2023-04-09 22:26"
"Tokyo","Tokyo","Japan",66,"9.4","5.0","2023-04-10 12:26"
"Sydney","New South Wales","Australia",63,"12.5","5.0","2023-04-10 13:26"
"Cape Town","Western Cape","South Africa",61,"11.9","1.0","2023-04-10 5:26"
"Moscow","Moscow City","Russia",41,"9.4","3.0","2023-04-10 6:26"
"Moscow","Moscow City","Russia",41,"9.4","3.0","2023-04-10 6:26"
"Bogota","Cundinamarca","Colombia",52,"3.8","1.0","2023-04-09 22:26"
"Sydney","New South Wales","Australia",63,"12.5","5.0","2023-04-10 13:26"
"Cape Town","Western Cape","South Africa",61,"11.9","1.0","2023-04-10 5:26"
"Miami","Florida","United States of America",74,"8.1","1.0","2023-04-09 23:26"
"Miami","Florida","United States of America",74,"8.1","1.0","2023-04-09 23:26"
"Islamabad","Islamabad","Pakistan",75,"2.2","6.0","2023-04-10 8:26"
"Hong Kong","","Hong Kong",75,"10.5","6.0","2023-04-10 11:26"
"Los Angeles","California","United States of America",55,"2.2","1.0","2023-04-09 20:26"
"Rome","Lazio","Italy",45,"8.1","1.0","2023-04-10 5:26"
"Rome","Lazio","Italy",45,"8.1","1.0","2023-04-10 5:26"
"Miami","Florida","United States of America",74,"8.1","1.0","2023-04-09 23:26"
"Rome","Lazio","Italy",45,"8.1","1.0","2023-04-10 5:26"
"Casablanca","","Morocco",59,"4.3","1.0","2023-04-10 3:26"
"Paris","Ile-de-France","France",46,"4.3","1.0","2023-04-10 5:26"
"Casablanca","","Morocco",59,"4.3","1.0","2023-04-10 3:26"
"New York","New York","United States of America",44,"3.8","1.0","2023-04-09 23:26"
"Hong Kong","","Hong Kong",75,"10.5","6.0","2023-04-10 11:26"
"Bogota","Cundinamarca","Colombia",52,"3.8","1.0","2023-04-09 22:26"
"Dubai","Dubai","United Arab Emirates",73,"2.2","6.0","2023-04-10 7:26"
"Tokyo","Tokyo","Japan",66,"9.4","5.0","2023-04-10 12:26"
"Bogota","Cundinamarca","Colombia",52,"3.8","1.0","2023-04-09 22:26"
"Islamabad","Islamabad","Pakistan",75,"2.2","6.0","2023-04-10 8:26"
"Cape Town","Western Cape","South Africa",61,"11.9","1.0","2023-04-10 5:26"
"Dubai","Dubai","United Arab Emirates",73,"2.2","6.0","2023-04-10 7:26"
"London","City of London, Greater London","United Kingdom",50,"9.4","1.0","2023-04-10 4:26"
"Moscow","Moscow City","Russia",41,"9.4","3.0","2023-04-10 6:26"
"Cape Town","Western Cape","South Africa",61,"11.9","1.0","2023-04-10 5:26"
"Paris","Ile-de-France","France",46,"4.3","1.0","2023-04-10 5:26"
"Cape Town","Western Cape","South Africa",61,"11.9","1.0","2023-04-10 5:26"
"New York","New York","United States of America",44,"3.8","1.0","2023-04-09 23:26"
"Cape Town","Western Cape","South Africa",61,"11.9","1.0","2023-04-10 5:26"
"Casablanca","","Morocco",59,"4.3","1.0","2023-04-10 3:26"
"Nairobi","Nairobi Area","Kenya",63,"4.3","1.0","2023-04-10 6:26"
"Bogota","Cundinamarca","Colombia",52,"3.8","1.0","2023-04-09 22:26"
"Los Angeles","California","United States of America",58,"2.2","3.0","2023-04-13 13:31"
"Nairobi","Nairobi Area","Kenya",64,"5.6","1.0","2023-04-13 23:31"
"Rome","Lazio","Italy",50,"2.2","1.0","2023-04-13 22:31"
"Nairobi","Nairobi Area","Kenya",64,"5.6","1.0","2023-04-13 23:31"
"Paris","Ile-de-France","France",46,"4.3","1.0","2023-04-13 22:31"
"Bogota","Cundinamarca","Colombia",64,"10.5","5.0","2023-04-13 15:31"
"Nairobi","Nairobi Area","Kenya",64,"5.6","1.0","2023-04-13 23:31"
"Miami","Florida","United States of America",85,"12.5","7.0","2023-04-13 16:31"
"Rome","Lazio","Italy",50,"2.2","1.0","2023-04-13 22:31"
"Moscow","Moscow City","Russia",46,"18.6","1.0","2023-04-13 23:31"
"Islamabad","Islamabad","Pakistan",75,"6.5","1.0","2023-04-14 1:31"
"Los Angeles","California","United States of America",58,"2.2","3.0","2023-04-13 13:31"
"Nairobi","Nairobi Area","Kenya",64,"5.6","1.0","2023-04-13 23:31"
"Hong Kong","","Hong Kong",73,"8.1","1.0","2023-04-14 4:31"
"Rome","Lazio","Italy",50,"2.2","1.0","2023-04-13 22:31"
"London","City of London, Greater London","United Kingdom",46,"4.3","1.0","2023-04-13 21:31"
"Mexico City","The Federal District","Mexico",73,"9.4","7.0","2023-04-13 14:31"
"New York","New York","United States of America",89,"10.5","7.0","2023-04-13 16:31"
"Hong Kong","","Hong Kong",73,"8.1","1.0","2023-04-14 4:31"
"Dubai","Dubai","United Arab Emirates",90,"4.3","1.0","2023-04-14 0:31"
"Islamabad","Islamabad","Pakistan",75,"6.5","1.0","2023-04-14 1:31"
"Mexico City","The Federal District","Mexico",73,"9.4","7.0","2023-04-13 14:31"
"Hong Kong","","Hong Kong",73,"8.1","1.0","2023-04-14 4:31"
"Paris","Ile-de-France","France",46,"4.3","1.0","2023-04-13 22:31"
"Mexico City","The Federal District","Mexico",73,"9.4","7.0","2023-04-13 14:31"
"London","City of London, Greater London","United Kingdom",46,"4.3","1.0","2023-04-13 21:31"
"Los Angeles","California","United States of America",58,"2.2","3.0","2023-04-13 13:31"
"New York","New York","United States of America",89,"10.5","7.0","2023-04-13 16:31"
"Islamabad","Islamabad","Pakistan",75,"6.5","1.0","2023-04-14 1:31"
"Paris","Ile-de-France","France",46,"4.3","1.0","2023-04-13 22:31"
"Los Angeles","California","United States of America",58,"2.2","3.0","2023-04-13 13:31"
"Miami","Florida","United States of America",85,"12.5","7.0","2023-04-13 16:31"
"Casablanca","","Morocco",61,"9.4","1.0","2023-04-13 20:31"
"Tokyo","Tokyo","Japan",61,"12.5","1.0","2023-04-14 5:31"
"Rome","Lazio","Italy",50,"2.2","1.0","2023-04-13 22:31"
"Rome","Lazio","Italy",50,"2.2","1.0","2023-04-13 22:31"
"Paris","Ile-de-France","France",46,"4.3","1.0","2023-04-13 22:31"
"London","City of London, Greater London","United Kingdom",46,"4.3","1.0","2023-04-13 21:31"
"New York","New York","United States of America",89,"10.5","7.0","2023-04-13 16:31"
"Tokyo","Tokyo","Japan",61,"12.5","1.0","2023-04-14 5:31"
"Los Angeles","California","United States of America",58,"2.2","3.0","2023-04-13 13:31"
"Paris","Ile-de-France","France",46,"4.3","1.0","2023-04-13 22:31"
"Miami","Florida","United States of America",85,"12.5","7.0","2023-04-13 16:31"
"Hong Kong","","Hong Kong",73,"8.1","1.0","2023-04-14 4:31"
"Hong Kong","","Hong Kong",73,"8.1","1.0","2023-04-14 4:31"
"Mexico City","The Federal District","Mexico",73,"9.4","7.0","2023-04-13 14:31"
"Rome","Lazio","Italy",50,"2.2","1.0","2023-04-13 22:31"
"London","City of London, Greater London","United Kingdom",46,"4.3","1.0","2023-04-13 21:31"
"Cape Town","Western Cape","South Africa",64,"2.2","1.0","2023-04-13 22:31"
"Islamabad","Islamabad","Pakistan",75,"6.5","1.0","2023-04-14 1:31"
"Paris","Ile-de-France","France",39,"5.6","1.0","2023-04-14 6:15"
"Paris","Ile-de-France","France",39,"5.6","1.0","2023-04-14 6:15"
"Cape Town","Western Cape","South Africa",55,"10.5","1.0","2023-04-14 6:15"
"Rome","Lazio","Italy",45,"5.6","1.0","2023-04-14 6:15"
"Bogota","Cundinamarca","Colombia",54,"5.6","1.0","2023-04-13 23:15"
"Islamabad","Islamabad","Pakistan",88,"2.2","8.0","2023-04-14 9:15"
"Casablanca","","Morocco",52,"9.4","1.0","2023-04-14 4:15"
"Hong Kong","","Hong Kong",81,"2.2","5.0","2023-04-14 12:15"
"Casablanca","","Morocco",52,"9.4","1.0","2023-04-14 4:15"
"Bogota","Cundinamarca","Colombia",54,"5.6","1.0","2023-04-13 23:15"
"Islamabad","Islamabad","Pakistan",88,"2.2","8.0","2023-04-14 9:15"
"Miami","Florida","United States of America",77,"5.6","1.0","2023-04-14 0:15"
"Rome","Lazio","Italy",45,"5.6","1.0","2023-04-14 6:15"
"Los Angeles","California","United States of America",55,"2.2","1.0","2023-04-13 21:15"
"Nairobi","Nairobi Area","Kenya",63,"2.2","4.0","2023-04-14 7:15"
"Cape Town","Western Cape","South Africa",55,"10.5","1.0","2023-04-14 6:15"
"Sydney","New South Wales","Australia",68,"18.6","5.0","2023-04-14 14:15"
"Bogota","Cundinamarca","Colombia",54,"5.6","1.0","2023-04-13 23:15"
"Mexico City","The Federal District","Mexico",64,"6.9","1.0","2023-04-13 22:15"
"Hong Kong","","Hong Kong",81,"2.2","5.0","2023-04-14 12:15"
"Tokyo","Tokyo","Japan",68,"15.0","6.0","2023-04-14 13:15"
"Islamabad","Islamabad","Pakistan",88,"2.2","8.0","2023-04-14 9:15"
"Los Angeles","California","United States of America",55,"2.2","1.0","2023-04-13 21:15"
"Los Angeles","California","United States of America",55,"2.2","1.0","2023-04-13 21:15"
"Rome","Lazio","Italy",45,"5.6","1.0","2023-04-14 6:15"
"Tokyo","Tokyo","Japan",68,"15.0","6.0","2023-04-14 13:15"
"Cape Town","Western Cape","South Africa",55,"10.5","1.0","2023-04-14 6:15"
"Paris","Ile-de-France","France",39,"5.6","1.0","2023-04-14 6:15"
"Paris","Ile-de-France","France",39,"5.6","1.0","2023-04-14 6:15"
"Mexico City","The Federal District","Mexico",64,"6.9","1.0","2023-04-13 22:15"
"Paris","Ile-de-France","France",39,"5.6","1.0","2023-04-14 6:15"
"Cape Town","Western Cape","South Africa",55,"10.5","1.0","2023-04-14 6:15"
"New York","New York","United States of America",79,"2.2","1.0","2023-04-14 0:15"
"Dubai","Dubai","United Arab Emirates",84,"2.2","7.0","2023-04-14 8:15"
"London","City of London, Greater London","United Kingdom",39,"4.3","1.0","2023-04-14 5:16"
"Dubai","Dubai","United Arab Emirates",84,"2.2","7.0","2023-04-14 8:15"
"Rome","Lazio","Italy",45,"5.6","1.0","2023-04-14 6:15"
"Tokyo","Tokyo","Japan",68,"15.0","6.0","2023-04-14 13:15"
"Sydney","New South Wales","Australia",68,"18.6","5.0","2023-04-14 14:15"
"Tokyo","Tokyo","Japan",68,"15.0","6.0","2023-04-14 13:15"
"Casablanca","","Morocco",52,"9.4","1.0","2023-04-14 4:15"
"Cape Town","Western Cape","South Africa",55,"10.5","1.0","2023-04-14 6:15"
"Bogota","Cundinamarca","Colombia",54,"5.6","1.0","2023-04-13 23:15"
"Dubai","Dubai","United Arab Emirates",84,"2.2","7.0","2023-04-14 8:15"
"Cape Town","Western Cape","South Africa",55,"10.5","1.0","2023-04-14 6:15"
"Hong Kong","","Hong Kong",81,"2.2","5.0","2023-04-14 12:15"
"Casablanca","","Morocco",52,"9.4","1.0","2023-04-14 4:15"
"Mexico City","The Federal District","Mexico",64,"6.9","1.0","2023-04-13 22:15"
"Nairobi","Nairobi Area","Kenya",63,"2.2","4.0","2023-04-14 7:15"
"New York","New York","United States of America",79,"2.2","1.0","2023-04-14 0:15"
"Hong Kong","","Hong Kong",75,"2.2","1.0","2023-04-15 6:00"
"Paris","Ile-de-France","France",46,"4.3","1.0","2023-04-15 0:00"
"Sydney","New South Wales","Australia",61,"6.9","4.0","2023-04-15 8:00"
"Islamabad","Islamabad","Pakistan",74,"7.8","1.0","2023-04-15 3:00"
"Tokyo","Tokyo","Japan",59,"8.1","4.0","2023-04-15 7:00"
"Moscow","Moscow City","Russia",37,"18.6","1.0","2023-04-15 1:00"
"Dubai","Dubai","United Arab Emirates",81,"11.9","1.0","2023-04-15 2:00"
"Cape Town","Western Cape","South Africa",59,"16.1","1.0","2023-04-15 0:00"
"Bogota","Cundinamarca","Colombia",64,"8.1","4.0","2023-04-14 17:00"
"Miami","Florida","United States of America",79,"4.3","7.0","2023-04-14 18:00"
"Cape Town","Western Cape","South Africa",59,"16.1","1.0","2023-04-15 0:00"
"Mexico City","The Federal District","Mexico",81,"13.6","7.0","2023-04-14 16:00"
"Paris","Ile-de-France","France",46,"4.3","1.0","2023-04-15 0:00"
"Casablanca","","Morocco",59,"11.9","1.0","2023-04-14 22:00"
"Mexico City","The Federal District","Mexico",81,"13.6","7.0","2023-04-14 16:00"
"Rome","Lazio","Italy",52,"5.6","1.0","2023-04-15 0:00"
"Rome","Lazio","Italy",52,"5.6","1.0","2023-04-15 0:00"
"New York","New York","United States of America",87,"6.9","7.0","2023-04-14 18:00"
"Nairobi","Nairobi Area","Kenya",63,"2.2","1.0","2023-04-15 1:00"
"Cape Town","Western Cape","South Africa",59,"16.1","1.0","2023-04-15 0:00"
"Mexico City","The Federal District","Mexico",81,"13.6","7.0","2023-04-14 16:00"
"Casablanca","","Morocco",59,"11.9","1.0","2023-04-14 22:00"
"Islamabad","Islamabad","Pakistan",74,"7.8","1.0","2023-04-15 3:00"
"Tokyo","Tokyo","Japan",59,"8.1","4.0","2023-04-15 7:00"
"Miami","Florida","United States of America",79,"4.3","7.0","2023-04-14 18:00"
"Paris","Ile-de-France","France",46,"4.3","1.0","2023-04-15 0:00"
"Sydney","New South Wales","Australia",61,"6.9","4.0","2023-04-15 8:00"
"Hong Kong","","Hong Kong",75,"2.2","1.0","2023-04-15 6:00"
"New York","New York","United States of America",87,"6.9","7.0","2023-04-14 18:00"
"Rome","Lazio","Italy",52,"5.6","1.0","2023-04-15 0:00"
"Sydney","New South Wales","Australia",61,"6.9","4.0","2023-04-15 8:00"
"Tokyo","Tokyo","Japan",59,"8.1","4.0","2023-04-15 7:00"
"Miami","Florida","United States of America",79,"4.3","7.0","2023-04-14 18:00"
"Dubai","Dubai","United Arab Emirates",81,"11.9","1.0","2023-04-15 2:00"
"Hong Kong","","Hong Kong",75,"2.2","1.0","2023-04-15 6:00"
"Rome","Lazio","Italy",52,"5.6","1.0","2023-04-15 0:00"
"London","City of London, Greater London","United Kingdom",46,"5.6","1.0","2023-04-14 23:00"
"Casablanca","","Morocco",59,"11.9","1.0","2023-04-14 22:00"
"Miami","Florida","United States of America",79,"4.3","7.0","2023-04-14 18:00"
"Dubai","Dubai","United Arab Emirates",81,"11.9","1.0","2023-04-15 2:00"
"Hong Kong","","Hong Kong",75,"2.2","1.0","2023-04-15 6:00"
"London","City of London, Greater London","United Kingdom",46,"5.6","1.0","2023-04-14 23:00"
"Tokyo","Tokyo","Japan",59,"8.1","4.0","2023-04-15 7:00"
"Miami","Florida","United States of America",79,"4.3","7.0","2023-04-14 18:00"
"Sydney","New South Wales","Australia",61,"6.9","4.0","2023-04-15 8:00"
"Los Angeles","California","United States of America",63,"2.2","6.0","2023-04-14 15:00"
"London","City of London, Greater London","United Kingdom",46,"5.6","1.0","2023-04-14 23:00"
"Bogota","Cundinamarca","Colombia",64,"8.1","4.0","2023-04-14 17:00"
"Hong Kong","","Hong Kong",75,"2.2","1.0","2023-04-15 6:00"
"Miami","Florida","United States of America",79,"4.3","7.0","2023-04-14 18:00"
"Moscow","Moscow City","Russia",37,"4.3","3.0","2023-04-23 6:33"
"Los Angeles","California","United States of America",68,"3.8","1.0","2023-04-22 20:33"
"Hong Kong","","Hong Kong",79,"16.1","5.0","2023-04-23 11:33"
"Los Angeles","California","United States of America",68,"3.8","1.0","2023-04-22 20:33"
"Islamabad","Islamabad","Pakistan",72,"4.3","6.0","2023-04-23 8:33"
"London","City of London, Greater London","United Kingdom",50,"9.4","1.0","2023-04-23 4:33"
"Moscow","Moscow City","Russia",37,"4.3","3.0","2023-04-23 6:33"
"Sydney","New South Wales","Australia",70,"12.5","5.0","2023-04-23 13:33"
"Sydney","New South Wales","Australia",70,"12.5","5.0","2023-04-23 13:33"
"New York","New York","United States of America",57,"2.2","1.0","2023-04-22 23:33"
"Nairobi","Nairobi Area","Kenya",61,"2.2","1.0","2023-04-23 6:33"
"Dubai","Dubai","United Arab Emirates",75,"5.6","7.0","2023-04-23 7:33"
"Islamabad","Islamabad","Pakistan",72,"4.3","6.0","2023-04-23 8:33"
"London","City of London, Greater London","United Kingdom",50,"9.4","1.0","2023-04-23 4:33"
"Cape Town","Western Cape","South Africa",61,"16.1","1.0","2023-04-23 5:33"
"Nairobi","Nairobi Area","Kenya",61,"2.2","1.0","2023-04-23 6:33"
"Paris","Ile-de-France","France",48,"8.1","1.0","2023-04-23 5:33"
"Los Angeles","California","United States of America",68,"3.8","1.0","2023-04-22 20:33"
"Sydney","New South Wales","Australia",70,"12.5","5.0","2023-04-23 13:33"
"Paris","Ile-de-France","France",48,"8.1","1.0","2023-04-23 5:33"
"London","City of London, Greater London","United Kingdom",50,"9.4","1.0","2023-04-23 4:33"
"Casablanca","","Morocco",59,"10.5","1.0","2023-04-23 4:33"
"Islamabad","Islamabad","Pakistan",72,"4.3","6.0","2023-04-23 8:33"
"Los Angeles","California","United States of America",68,"3.8","1.0","2023-04-22 20:33"
"Casablanca","","Morocco",59,"10.5","1.0","2023-04-23 4:33"
"Paris","Ile-de-France","France",48,"8.1","1.0","2023-04-23 5:33"
"Nairobi","Nairobi Area","Kenya",61,"2.2","1.0","2023-04-23 6:33"
"Bogota","Cundinamarca","Colombia",57,"3.8","1.0","2023-04-22 22:33"
"Miami","Florida","United States of America",77,"2.2","1.0","2023-04-22 23:33"
"Paris","Ile-de-France","France",48,"8.1","1.0","2023-04-23 5:33"
"Islamabad","Islamabad","Pakistan",72,"4.3","6.0","2023-04-23 8:33"
"Bogota","Cundinamarca","Colombia",57,"3.8","1.0","2023-04-22 22:33"
"Nairobi","Nairobi Area","Kenya",61,"2.2","1.0","2023-04-23 6:33"
"Dubai","Dubai","United Arab Emirates",75,"5.6","7.0","2023-04-23 7:33"
"Nairobi","Nairobi Area","Kenya",61,"2.2","1.0","2023-04-23 6:33"
"Cape Town","Western Cape","South Africa",61,"16.1","1.0","2023-04-23 5:33"
"Hong Kong","","Hong Kong",79,"16.1","5.0","2023-04-23 11:33"
"Los Angeles","California","United States of America",68,"3.8","1.0","2023-04-22 20:33"
"Hong Kong","","Hong Kong",79,"16.1","5.0","2023-04-23 11:33"
"Nairobi","Nairobi Area","Kenya",61,"2.2","1.0","2023-04-23 6:33"
"Sydney","New South Wales","Australia",70,"12.5","5.0","2023-04-23 13:33"
"Casablanca","","Morocco",59,"10.5","1.0","2023-04-23 4:33"
"London","City of London, Greater London","United Kingdom",50,"9.4","1.0","2023-04-23 4:33"
"Miami","Florida","United States of America",77,"2.2","1.0","2023-04-22 23:33"
"Dubai","Dubai","United Arab Emirates",75,"5.6","7.0","2023-04-23 7:33"
"Hong Kong","","Hong Kong",79,"16.1","5.0","2023-04-23 11:33"
"Los Angeles","California","United States of America",68,"3.8","1.0","2023-04-22 20:33"
"Nairobi","Nairobi Area","Kenya",61,"2.2","1.0","2023-04-23 6:33"
"Cape Town","Western Cape","South Africa",61,"16.1","1.0","2023-04-23 5:33"
"Paris","Ile-de-France","France",48,"8.1","1.0","2023-04-23 5:33"
"Sydney","New South Wales","Australia",61,"5.6","1.0","2023-04-28 5:07"
"Nairobi","Nairobi Area","Kenya",68,"9.4","1.0","2023-04-27 22:07"
"Moscow","Moscow City","Russia",57,"6.9","1.0","2023-04-27 22:07"
"Rome","Lazio","Italy",63,"4.3","1.0","2023-04-27 21:07"
"Mexico City","The Federal District","Mexico",82,"9.4","7.0","2023-04-27 13:07"
"Nairobi","Nairobi Area","Kenya",68,"9.4","1.0","2023-04-27 22:07"
"Los Angeles","California","United States of America",69,"2.2","7.0","2023-04-27 12:07"
"Dubai","Dubai","United Arab Emirates",82,"5.6","1.0","2023-04-27 23:07"
"Nairobi","Nairobi Area","Kenya",68,"9.4","1.0","2023-04-27 22:07"
"New York","New York","United States of America",55,"2.2","3.0","2023-04-27 15:07"
"Sydney","New South Wales","Australia",61,"5.6","1.0","2023-04-28 5:07"
"Rome","Lazio","Italy",63,"4.3","1.0","2023-04-27 21:07"
"London","City of London, Greater London","United Kingdom",50,"13.6","3.0","2023-04-27 20:07"
"Rome","Lazio","Italy",63,"4.3","1.0","2023-04-27 21:07"
"London","City of London, Greater London","United Kingdom",50,"13.6","3.0","2023-04-27 20:07"
"Hong Kong","","Hong Kong",73,"5.6","1.0","2023-04-28 3:07"
"London","City of London, Greater London","United Kingdom",50,"13.6","3.0","2023-04-27 20:07"
"Tokyo","Tokyo","Japan",61,"11.9","1.0","2023-04-28 4:07"
"Miami","Florida","United States of America",86,"12.5","8.0","2023-04-27 15:07"
"Los Angeles","California","United States of America",69,"2.2","7.0","2023-04-27 12:07"
"Bogota","Cundinamarca","Colombia",64,"4.3","4.0","2023-04-27 14:07"
"Bogota","Cundinamarca","Colombia",64,"4.3","4.0","2023-04-27 14:07"
"Cape Town","Western Cape","South Africa",63,"8.1","1.0","2023-04-27 21:07"
"Mexico City","The Federal District","Mexico",82,"9.4","7.0","2023-04-27 13:07"
"Sydney","New South Wales","Australia",61,"5.6","1.0","2023-04-28 5:07"
"Dubai","Dubai","United Arab Emirates",82,"5.6","1.0","2023-04-27 23:07"
"London","City of London, Greater London","United Kingdom",50,"13.6","3.0","2023-04-27 20:07"
"Bogota","Cundinamarca","Colombia",64,"4.3","4.0","2023-04-27 14:07"
"Casablanca","","Morocco",79,"4.3","5.0","2023-04-27 20:07"
"Bogota","Cundinamarca","Colombia",64,"4.3","4.0","2023-04-27 14:07"
"Miami","Florida","United States of America",86,"12.5","8.0","2023-04-27 15:07"
"Dubai","Dubai","United Arab Emirates",82,"5.6","1.0","2023-04-27 23:07"
"Rome","Lazio","Italy",63,"4.3","1.0","2023-04-27 21:07"
"Islamabad","Islamabad","Pakistan",67,"9.8","1.0","2023-04-28 0:07"
"Los Angeles","California","United States of America",69,"2.2","7.0","2023-04-27 12:07"
"Islamabad","Islamabad","Pakistan",67,"9.8","1.0","2023-04-28 0:07"
"Paris","Ile-de-France","France",61,"10.5","1.0","2023-04-27 21:07"
"New York","New York","United States of America",55,"2.2","3.0","2023-04-27 15:07"
"Miami","Florida","United States of America",86,"12.5","8.0","2023-04-27 15:07"
"New York","New York","United States of America",55,"2.2","3.0","2023-04-27 15:07"
"Rome","Lazio","Italy",63,"4.3","1.0","2023-04-27 21:07"
"Casablanca","","Morocco",79,"4.3","5.0","2023-04-27 20:07"
"Rome","Lazio","Italy",63,"4.3","1.0","2023-04-27 21:07"
"Bogota","Cundinamarca","Colombia",64,"4.3","4.0","2023-04-27 14:07"
"Hong Kong","","Hong Kong",73,"5.6","1.0","2023-04-28 3:07"
"Miami","Florida","United States of America",86,"12.5","8.0","2023-04-27 15:07"
"New York","New York","United States of America",55,"2.2","3.0","2023-04-27 15:07"
"Miami","Florida","United States of America",86,"12.5","8.0","2023-04-27 15:07"
"Tokyo","Tokyo","Japan",61,"11.9","1.0","2023-04-28 4:07"
"Los Angeles","California","United States of America",69,"2.2","7.0","2023-04-27 12:07"
"Rome","Lazio","Italy",61,"2.2","1.0","2023-04-30 1:27"
"Paris","Ile-de-France","France",52,"8.1","1.0","2023-04-30 1:27"
"Bogota","Cundinamarca","Colombia",61,"6.9","3.0","2023-04-29 18:27"
"Cape Town","Western Cape","South Africa",59,"13.6","1.0","2023-04-30 1:27"
"Cape Town","Western Cape","South Africa",59,"13.6","1.0","2023-04-30 1:27"
"Nairobi","Nairobi Area","Kenya",64,"3.8","1.0","2023-04-30 2:27"
"Bogota","Cundinamarca","Colombia",61,"6.9","3.0","2023-04-29 18:27"
"Rome","Lazio","Italy",61,"2.2","1.0","2023-04-30 1:27"
"Hong Kong","","Hong Kong",72,"10.5","6.0","2023-04-30 7:27"
"Dubai","Dubai","United Arab Emirates",79,"3.8","1.0","2023-04-30 3:27"
"Casablanca","","Morocco",66,"11.9","1.0","2023-04-30 0:27"
"New York","New York","United States of America",51,"8.1","3.0","2023-04-29 19:27"
"Tokyo","Tokyo","Japan",72,"26.6","5.0","2023-04-30 8:27"
"Bogota","Cundinamarca","Colombia",61,"6.9","3.0","2023-04-29 18:27"
"Casablanca","","Morocco",66,"11.9","1.0","2023-04-30 0:27"
"Moscow","Moscow City","Russia",34,"2.5","1.0","2023-04-30 2:27"
"Tokyo","Tokyo","Japan",72,"26.6","5.0","2023-04-30 8:27"
"Bogota","Cundinamarca","Colombia",61,"6.9","3.0","2023-04-29 18:27"
"Casablanca","","Morocco",66,"11.9","1.0","2023-04-30 0:27"
"Islamabad","Islamabad","Pakistan",67,"6.3","1.0","2023-04-30 4:27"
"Moscow","Moscow City","Russia",34,"2.5","1.0","2023-04-30 2:27"
"Bogota","Cundinamarca","Colombia",61,"6.9","3.0","2023-04-29 18:27"
"Casablanca","","Morocco",66,"11.9","1.0","2023-04-30 0:27"
"Dubai","Dubai","United Arab Emirates",79,"3.8","1.0","2023-04-30 3:27"
"Hong Kong","","Hong Kong",72,"10.5","6.0","2023-04-30 7:27"
"Dubai","Dubai","United Arab Emirates",79,"3.8","1.0","2023-04-30 3:27"
"Miami","Florida","United States of America",87,"11.9","7.0","2023-04-29 19:27"
"Hong Kong","","Hong Kong",72,"10.5","6.0","2023-04-30 7:27"
"Cape Town","Western Cape","South Africa",59,"13.6","1.0","2023-04-30 1:27"
"Miami","Florida","United States of America",87,"11.9","7.0","2023-04-29 19:27"
"Los Angeles","California","United States of America",64,"6.9","5.0","2023-04-29 16:27"
"Los Angeles","California","United States of America",64,"6.9","5.0","2023-04-29 16:27"
"Bogota","Cundinamarca","Colombia",61,"6.9","3.0","2023-04-29 18:27"
"Miami","Florida","United States of America",87,"11.9","7.0","2023-04-29 19:27"
"Cape Town","Western Cape","South Africa",59,"13.6","1.0","2023-04-30 1:27"
"Dubai","Dubai","United Arab Emirates",79,"3.8","1.0","2023-04-30 3:27"
"Bogota","Cundinamarca","Colombia",61,"6.9","3.0","2023-04-29 18:27"
"Dubai","Dubai","United Arab Emirates",79,"3.8","1.0","2023-04-30 3:27"
"Miami","Florida","United States of America",87,"11.9","7.0","2023-04-29 19:27"
"Moscow","Moscow City","Russia",34,"2.5","1.0","2023-04-30 2:27"
"Tokyo","Tokyo","Japan",72,"26.6","5.0","2023-04-30 8:27"
"Casablanca","","Morocco",66,"11.9","1.0","2023-04-30 0:27"
"Bogota","Cundinamarca","Colombia",61,"6.9","3.0","2023-04-29 18:27"
"New York","New York","United States of America",51,"8.1","3.0","2023-04-29 19:27"
"Los Angeles","California","United States of America",64,"6.9","5.0","2023-04-29 16:27"
"Dubai","Dubai","United Arab Emirates",79,"3.8","1.0","2023-04-30 3:27"
"Cape Town","Western Cape","South Africa",59,"13.6","1.0","2023-04-30 1:27"
"Paris","Ile-de-France","France",52,"8.1","1.0","2023-04-30 1:27"
"Dubai","Dubai","United Arab Emirates",79,"3.8","1.0","2023-04-30 3:27"
"Rome","Lazio","Italy",61,"2.2","1.0","2023-04-30 1:27"
